date,followers,location,Tweets,word_count,char_count,avg_word,hastags,numerics,Tweets_clean,ACTIONS,NOUNS
2018-09-21 22:03:22,279,Magdalena Vieja,Cachito si la vas a seguir perdiendo al menos haz el esfuerzo de recuperarla,8,58,6.375,0,0,cachito va seguir perdiendo menos haz esfuerzo recuperarla,"perdiendo, haz",esfuerzo
2018-09-21 22:03:27,2664,Lima,obrigada meu Deus pela terceira viagem internacional em menos de um ano! H√° uns dois anos atr√°s eu n√£o acharia isso poss√≠vel,13,106,7.230769230769231,0,0,edusobrino claro facilidad q transita comercio preocupante sucede xq jugamos volante c‚Ä¶ httpstcotampwuzwlx,sucede,"transita, jugamos, facilidad"
2018-09-21 22:03:33,74,Independencia,"@Edu_Sobrino Claro la facilidad con la q transita comercio es preocupante, y eso sucede xq jugamos sin volante de C‚Ä¶ https://t.co/tAMpwuZWlX",3,18,5.333333333333333,0,0,cuantas veces leao,leao,veces
2018-09-21 22:03:35,497,San isidro,Cuantas veces Leao,12,96,7.083333333333333,0,0,leninguari alexdar228 bueno s√© s√© colocan excusa contratarte consabido ptp p‚Ä¶ httpstcofs7kqpnbp7,"colocan, s√©",leninguari
2018-09-21 22:03:50,42266,Peru,@Leninguari @AlexDar228 Bueno yo no s√©. Lo que si s√© es que colocan como excusa para contratarte el consabido PTP p‚Ä¶ https://t.co/Fs7kqPNBp7,10,89,8.0,0,0,inmunidad debe anulado inmunidad robar matar enga√±ar inmunidad jueces‚Ä¶ httpstcogoztpltwtz,"matar, httpstcogoztpltwtz, anulado, enga√±ar",inmunidad
2018-09-21 22:04:21,115,Magdalena Vieja,"Eso de inmunidad debe ser anulado.
Inmunidad para robar
Para matar
Para enga√±ar
NO A LA INMUNIDAD DEL ESTADO
JUECES‚Ä¶ https://t.co/gOztPltwtZ",12,114,8.583333333333334,0,0,atenci√≥n d√≠a iniciar primavera senamhiperu inform√≥ lloviznas bajas üåßÔ∏è temperaturas continuar√°n‚Ä¶ httpstcozbykc6lywx,"inform√≥, iniciar",atenci√≥n
2018-09-21 22:05:10,274,Lima,"Que bestia @Leaobutron, merece un monumento en Matute m√°s que fijo. Gracias San Leao!",5,42,7.6,0,0,of capuccino üåä baguette httpstcotuwwr91jex,baguette,of
2018-09-21 22:05:38,161,Los Olivos,@PedritoChamakO amio alpak practica tu acento veneko,13,103,7.0,0,0,quedarse tarde oficina solo puede tener lado positivo escuchar m√∫sica quieres tranq‚Ä¶ httpstcof94bnptwcd,"escuchar, tener","lado, m√∫sica"
2018-09-21 22:05:38,11731,Lima,#Atenci√≥n | A un d√≠a de iniciar la primavera el @Senamhiperu inform√≥ lloviznas y bajas üåßÔ∏è temperaturas continuar√°n‚Ä¶ https://t.co/zBYkC6lywx,6,35,5.0,1,0,hagan undo lastre cuyo culpable ppk,undo,ppk
2018-09-21 22:06:12,281,San isidro,"A pocos d√≠as del estreno de ‚ÄúEl caballo del Libertador‚Äù, escrita y dirigida por alfonsosantistevan, como parte de‚Ä¶ https://t.co/zU7LYPrKpA",10,84,7.5,0,0,entra fb enterate ganar premios olvides geektownshow sabado 11am‚Ä¶ httpstcobw41i1nugj,"ganar, enterate, entra",premios
2018-09-21 22:06:13,345,San isidro,Sea of capuccino üåä en La Baguette https://t.co/tUwWr91JeX,5,46,8.4,0,0,jajaja ¬øetiqueto etiqueto ü§≠ httpstcojv2ajvyzhh,jajaja,etiqueto
2018-09-21 22:07:09,367,Miraflores,"Quedarse hasta m√°s tarde en la oficina solo puede tener su lado positivo, como escuchar la m√∫sica que quieres tranq‚Ä¶ https://t.co/F94bnPTWCd",11,100,8.181818181818182,0,0,mibelis johnmagdaleno claro mibelis funcionado demostrar hacen fraude sirve prec‚Ä¶ httpstcowqe2n02etf,"sirve, hacen",mibelis
2018-09-21 22:07:15,164,Santiago de Surco,Que hagan Undo a este lastre cuyo culpable es PPK,3,24,7.333333333333333,0,0,andreabhits jajajaa chch,andreabhits,jajajaa
2018-09-21 22:07:18,26,Santiago de Surco,"@suriel @Phill_Butters @salvajedigital @exitosape YA ABURRIA CON LA FIRMS DE HABLAR DE CORRUPCION PERO NO DE LA SRA ""K"" ni de AG.",14,108,6.785714285714286,0,0,hurgamemoriape phillbutters tipejos uyudan sr ag trata aparecer toda noticia buena mala ‚Ä¶ httpstcof2ldyhkd0i,"uyudan, aparecer, hurgamemoriape",noticia
2018-09-21 22:07:49,82,Miraflores,"Entra a nuestro Fb y enterate de como ganar estos premios, no te olvides #GeekTownShow todos los #Sabado a las 11am‚Ä¶ https://t.co/BW41I1NUGj",11,100,8.181818181818182,2,0,red activismo joven amnistiaperu universidad federico villarreal punto iniciar t‚Ä¶ httpstco153cg8ag1w,iniciar,"red, universidad"
2018-09-21 22:08:27,188,Bre√±a,Jajaja ¬øetiqueto o no etiqueto? ü§≠ https://t.co/jv2aJVYZHh,5,40,7.2,0,0,mcgosal podemos hacer peque√±a bienvenida,hacer,bienvenida
2018-09-21 22:09:00,223,Lima,"""Apply, apply, apply until you get it"" Dr @EnriqueSoto8 guiding the @ASCO sponsored #CancerInterestGroup of Peruvia‚Ä¶ https://t.co/kJ1c8sktp2",12,102,7.583333333333333,1,0,kriskv lindo lindo seguimos fortaleciendo mito idiosincr√°tico para salir abajo ser‚Ä¶ httpstcoxcxfxxeii7,"salir, fortaleciendo","kriskv, mito, httpstcoxcxfxxeii7"
2018-09-21 22:09:36,98,San Miguel,"@eduaraliaga71 @StyloyColor @Politica_LR Si le importa si se va de karaoke, inv√≠telo pues, sabr√° si canta bien o mal.",11,89,7.181818181818182,0,0,chile listo lluviadefuegotour2018 s√≥lo faltan 29 d√≠as üíï kudai santiago httpstcoby0jmdnice,faltan,"d√≠as, santiago"
2018-09-21 22:09:44,134,Lima,Y pensar que todo comenz√≥ con un ¬´haiga¬ª. Yo tambi√©n estudi√© en el *Udec üôãüèª‚Äç‚ôÄÔ∏èüíô,9,56,5.333333333333333,0,0,dnapa misma olvidado oficina d√≠as hoy puse vuelve cuarto,dnapa,puse
2018-09-21 22:09:46,42266,Peru,@Mibelis @johnmagdaleno Claro que s√≠ Mibelis. Han funcionado para demostrar que hacen fraude. No sirve de nada prec‚Ä¶ https://t.co/WQE2n02etF,9,95,9.666666666666666,0,0,esthervargasc sentir√© satisfecha confianza congresistas legislan pierden el‚Ä¶ httpstcoydxlbcqj81,"pierden, sentir√©",confianza
2018-09-21 22:10:21,246,Santiago de Surco,@AndreaBHits Jajajaa chch,3,39,12.333333333333334,0,0,atardecer miraflores httpstcotxzcksheft,atardecer,httpstcotxzcksheft
2018-09-21 22:10:25,37,Magdalena Vieja,"@hurgamemoriaPE @Phill_Butters Entre tipejos se uyudan . El sr AG trata de aparecer en toda noticia buena o mala ,‚Ä¶ https://t.co/F2lDyHKD0i",13,111,7.615384615384615,0,0,josemartsn torrescassano styloycolor politicalr jose haga persona hacen pues s√≥lo saben env‚Ä¶ httpstcoaw9yfrapio,"haga, saben","httpstcoaw9yfrapio, josemartsn"
2018-09-21 22:10:40,2190,Lima,El partido en Moyobamba hace rato que se termin√≥. Lo gana bien Alianza Lima. Tendr√≠an que suceder dos milagros de e‚Ä¶ https://t.co/L1WdYfaW1N,12,106,7.916666666666667,0,0,peruviany ¬°muchas gracias carlos as√≠ e tristemente avanzando mucho estancados sociedad‚Ä¶ httpstco097onxklq0,"peruviany, avanzando","gracias, sociedad"
2018-09-21 22:10:49,3871,Rimac,Ya estamos la Red de Activismo Joven de @amnistiaperu en la Universidad Federico Villarreal a punto de iniciar el t‚Ä¶ https://t.co/153Cg8Ag1w,13,117,8.076923076923077,0,0,filter ü¶ã blondedreads blonde ssjgirl skinny dreadstagram dreadhead skinnygirl hm dread vegetagirl‚Ä¶ httpstcocrfgp2gvfw,"blonde, filter, dreadhead","dreadstagram, ssjgirl, vegetagirl"
2018-09-21 22:11:51,827,Miraflores,"Mutter Paneer &amp; Veg Samosas, almuerzo Indio con jc y Tatixxx en Mantra Garden Restobar https://t.co/wEO2DWGXdM",12,86,6.25,0,0,resulta hoy pagaron debe ser junto pago dem√°s quiero intenso mucho‚Ä¶ httpstco91bxngosfh,"quiero, resulta",pago
2018-09-21 22:12:21,141,Peru,@mcgosal le podemos hacer una peque√±a bienvenida,8,45,4.75,0,0,lu aplicara ‚Äúlo pasa amigo t√∫‚Äù üòèüòÇüôä dannapaola,"pasa, üòÇ",aplicara
2018-09-21 22:12:35,42266,Peru,"@KrisKV Que lindo, que lindo. seguimos fortaleciendo el mito idiosincr√°tico que -para salir de abajo- o hay que ser‚Ä¶ https://t.co/XcXfxxEIi7",7,65,8.428571428571429,0,0,belmercarmenav alvarezrodrich canaln pobres gatitos van envenenar,"alvarezrodrich, envenenar",gatitos
2018-09-21 22:13:11,75,Magdalena del Mar,@POLITOLOGO171 Muchas gracias por el respaldo Miguel √Ångel. Nosotros seguimos avanzando con m√°s energ√≠a y motivada‚Ä¶ https://t.co/JNuIDpDa5C,11,104,8.545454545454545,0,0,nellycuadrosc claraeospinag bankadafp or ejemplo sinverg√ºenza sin√≥nimo congresista fuerza 1 refer√©ndumya,"nellycuadrosc, bankadafp","ejemplo, congresista, fuerza"
2018-09-21 22:13:19,254,Lima,"#Chile, listo para el #lluviadefuegotour2018. S√≥lo faltan 29 d√≠as üíï #kudai #Santiago https://t.co/by0jMDNiCe",13,98,6.615384615384615,4,1,¬øpor bailando canci√≥n letra sugerente tomas precisas aun supero papaya üò± torso‚Ä¶ httpstcofpyzqwfiyw,"üò±, bailando, supero","httpstcofpyzqwfiyw, tomas"
2018-09-21 22:14:12,1201,San isidro,@dnapa Tengo la misma y me la hab√≠a olvidado en la oficina d√≠as. Hoy me la puse y vuelve a mi cuarto.,6,38,5.5,0,0,c√≥mo invitar alguien tener sexo casual,"tener, invitar",sexo
2018-09-21 22:15:00,188,Magdalena Vieja,"@esthervargasc Me sentir√© satisfecha cuando tenga la confianza de que mis congresistas legislan, no que pierden el‚Ä¶ https://t.co/ydXlBCqJ81",8,56,6.125,0,0,3 puntazos ah√≠ perdieron pavo vamos carajo arribaalianza,"vamos, perdieron",puntazos
2018-09-21 22:15:23,221,Magdalena del Mar,Un amigo se fue para Argentina y se dio cuenta de que estamos distribuidos as√≠ ahora ‚ù§Ô∏è https://t.co/StuwmKSn95,12,85,6.166666666666667,0,0,recuperar√© alcald√≠a entel co san borja entelperu in san borja lima httpstcopf9xhpe9jw,"borja, alcald√≠a, recuperar√©","borja, httpstcopf9xhpe9jw"
2018-09-21 22:16:23,3121,Miraflores,"#Repost @GemeloBarga with get_repost
„Éª„Éª„Éª
M√≠aliz se enter√≥ de nuestro nuevo local y no dud√≥ en ponerse en nuestras m‚Ä¶ https://t.co/jLjjsxkwrT",12,102,7.583333333333333,1,0,politicalr larepublicape no precisamente queremos queremos menos trabajen 1 hora s‚Ä¶ httpstcou0us8tdfdd,"queremos, trabajen",hora
2018-09-21 22:16:23,1171,Miraflores,Atardecer... en Miraflores https://t.co/tXzcKShefT,10,115,10.6,0,0,recuerda visitar espaciofundaci√≥ntelef√≥nicalima vivir experiencia vii festival animaci√≥n imagina httpstco25rjcp0qrk,"recuerda, vivir, visitar",animaci√≥n
2018-09-21 22:16:29,98,San Miguel,"@JoseMartSN @TorresCassano @StyloyColor @Politica_LR Jose, no haga lo que estas personas hacen, pues s√≥lo saben env‚Ä¶ https://t.co/aw9yFRApIo",12,96,7.083333333333333,0,0,triunfazo alianza moyobamba figura duda leaobutron lemos volvi√≥ marcar puede pedir arribaalianza,"leaobutron, pedir","figura, alianza"
2018-09-21 22:16:33,75,Magdalena del Mar,"@PERUVIANY ¬°Muchas gracias Carlos! As√≠ es, tristemente no hemos avanzando mucho, estamos estancados en una sociedad‚Ä¶ https://t.co/097ONxKlq0",9,92,9.333333333333334,0,0,despiden due√±a deroga desentiende ahora tendencia lima httpstcoocejxw8xwx httpstcoelz6euun9j,"despiden, desentiende",tendencia
2018-09-21 22:16:41,520,Lima,#filters #ü¶ã #blondedreads #blonde #ssjgirl #skinny #dreadstagram #dreadhead #skinnygirl #hm #dreads #vegetagirl‚Ä¶ https://t.co/crfgP2GvFW,11,92,7.454545454545454,12,0,ahh olvid√© inter√©s debe acercarse ideales persigue sabes profesi√≥n finge‚Ä¶ httpstcohcgnz2hoew,"sabes, persigue","acercarse, profesi√≥n"
2018-09-21 22:17:02,1943,San isidro,Siempre hab√≠a un peo para que me pagar√°n porque colocaban desde la agencia de d√≥nde me transfer√≠an DNI como si fuer‚Ä¶ https://t.co/5Qp8ScKHVq,10,66,5.7,0,0,sergiosolisrodr raro juegu√© enfermo iv v recuerdo cinco a√±os ellos,recuerdo,"sergiosolisrodr, a√±os, juegu√©"
2018-09-21 22:17:03,1943,San isidro,"Resulta que hoy me pagaron como debe ser, junto con el pago de los dem√°s. Cuando quiero ser intenso lo soy y mucho‚Ä¶ https://t.co/91BXnGosFh",6,45,6.666666666666667,0,0,triunfazo alianza üíô vamos vamos clubaloficial,vamos,"üíô, alianza"
2018-09-21 22:18:03,64,San Martin de Porres,Algu√©m? N√£o? Ngm? Okay vamo ent√£o,13,117,8.076923076923077,0,0,imagen publicitaria mejor nunca aprovecha oferta roll screen diferentes tama√±os excelente calidad‚Ä¶ httpstcohkjxuvsh2e,"aprovecha, screen","tama√±os, oferta, calidad, imagen"
2018-09-21 22:18:17,98,San Miguel,"@JoseMartSN @TorresCassano @StyloyColor @Politica_LR Peor a√∫n, que otros que act√∫an con ellos, retwittean como si f‚Ä¶ https://t.co/78pj2NZEOL",5,45,8.2,0,0,cristhianrs netflixlat intensamente pa llorar,llorar,cristhianrs
2018-09-21 22:18:20,773,San isidro,Lu tambi√©n aplicara el ‚Äúlo qu√© pasa es que tengo m√°s amigos como t√∫?‚Äù üòèüòÇüôä  @dannapaola,11,105,8.636363636363637,0,0,reformatransporte ma√±ana inicia servicio corredor verde conectar√° callao estaci√≥n gra‚Ä¶ httpstcomfrdglcxf7,"callao, inicia","reformatransporte, servicio, estaci√≥n"
2018-09-21 22:18:26,105,Ate,"Quieres atrapar a un hombre con pareja? El truco est√° en bloquear a la esposa/novia/girlfriend, para decirle que te‚Ä¶ https://t.co/G2OGq4lAU0",5,25,4.2,0,0,jam√°s viv√≠ cosa tan buena,viv√≠,cosa
2018-09-21 22:18:35,77,Peru,"@Belmercarmenav @alvarezrodrich @canalN_ Pobres gatitos, se van a envenenar.",8,63,7.0,0,0,noticiamerica firm√µ pacto electoral ahora pone peros conchudazo,pone,"pacto, conchudazo"
2018-09-21 22:20:11,18,Lima,"@NellyCuadrosC @ClaraEOspinaG @BankadaFP Y or ejemplo, sinverg√ºenza es sin√≥nimo de congresista de la fuerza 1 #Refer√©ndumYa",13,86,5.6923076923076925,1,1,esquinabaja edad ponen as√≠ agarran ni√±os apesta sino conocer√© vecinas x casa parecidas,"ponen, esquinabaja, agarran, conocer√©","ni√±os, casa"
2018-09-21 22:20:41,1201,Miraflores,"¬øPor que no estamos bailando esta canci√≥n? Letra sugerente, tomas precisas (aun no supero lo de la papaya üò±), torso‚Ä¶ https://t.co/fpyzqwFIYw",6,56,8.5,0,0,infancafebts gracias x informaci√≥nahora siento tranquila,siento,"gracias, infancafebts, informaci√≥nahora"
2018-09-21 22:21:03,37,Magdalena Vieja,"@sergiotej En base a √®stas corruptelas , N√∏ se podr√≠a revisar fallos?",12,77,5.5,0,0,oye verdad cree hombre vale pena pelees √©l sabes capaz de‚Ä¶ httpstcogo8tot7cgu,"cree, sabes, vale, oye",pena
2018-09-21 22:21:09,85,Magdalena Vieja,C√≥mo invitar a alguien a tener Sexo casual,8,67,7.5,0,0,encontr√© venezolanos venden teque√±os empanadas cerca casa desayunar,venden,"encontr√©, teque√±os, casa"
2018-09-21 22:21:13,448,San Borja,"3 puntazos, ah√≠ lo perdieron los pavos, vamos carajo.
#ArribaAlianza",9,85,8.555555555555555,1,1,francocabrerafc madurado hecho mueca embargo parece manteniendo n‚Ä¶ httpstcod3ju5itpmf,manteniendo,francocabrerafc
2018-09-21 22:21:15,125,Ate,"Recuperar√© m√≠ alcald√≠a. (@ Entel - CO San Borja - @entelperu in San Borja, Lima) https://t.co/Pf9XHPE9jW",12,105,7.833333333333333,0,0,fin escuche √∫ltimos programas verdad encontraba ning√∫n aporte pesimismo exagerado hay‚Ä¶ httpstcovk8aavlhsm,encontraba,"pesimismo, aporte, escuche, programas"
2018-09-21 22:21:16,182,Lima,Saludos @Studio92 dejamos un voto por FAKE LOVE de @BTS_twt para que suba en el #RKG92 muchas gracias üôèüèª,11,108,8.909090909090908,1,0,pronto disfrutar√°s historia ganadora national book award 2017 elesplendordelasraices üëâüëâüëâ‚Ä¶ httpstcotdrsqhmwah,"disfrutar√°s, httpstcotdrsqhmwah","historia, elesplendordelasraices"
2018-09-21 22:21:28,3248,San isidro,Desde hace cuanto tiempo que no gan√°bamos de visita en provincia,12,87,6.333333333333333,0,0,red ale ponerle sabor viernes soleado cierre edici√≥n gusta wick bar‚Ä¶ httpstcozrctfddagr,wick,"red, edici√≥n, ponerle"
2018-09-21 22:22:33,14,Lince,"@Politica_LR @larepublica_pe No, eso precisamente no queremos. Lo que queremos es que al menos trabajen 1 hora en s‚Ä¶ https://t.co/u0US8tdFdd",16,120,6.5625,0,1,buenas buenas üòò me model love happy happiness youtuber international mexico argentina vzla cc latino‚Ä¶ httpstcoebzmnx4y9v,"youtuber, model",üòò
2018-09-21 22:22:37,5984,Jes√∫s Maria,Recuerda visitar el #EspacioFundaci√≥nTelef√≥nicaLima y vivir la experiencia del VII Festival de Animaci√≥n #Imagina https://t.co/25RJCP0qrK,10,121,11.2,2,0,prosilvergo peterdperu pogoperu midesdemar amigospokemongo legendslima dracogollo gocomunidad garumox‚Ä¶ httpstcop4zyjqycul,midesdemar,"amigospokemongo, dracogollo, prosilvergo"
2018-09-21 22:22:46,86,San Miguel,"Asi, as√≠, al ritmo de Alianza.
Bien carajo üíôüíôüíôüíôüíô",4,28,6.25,0,0,expresoperu q tal conciencia,expresoperu,conciencia
2018-09-21 22:23:06,469,Miraflores,Triunfazo de Alianza en Moyobamba. La figura sin duda @Leaobutron y Lemos volvi√≥ a marcar que m√°s se puede pedir!! #ArribaAlianza,7,54,6.857142857142857,1,0,meiermq lastima x exitosa caer√° sinton√≠a radioescuchas,caer√°,"meiermq, sinton√≠a"
2018-09-21 22:23:27,107065,Lince,"'despiden', 'due√±a', 'deroga' y 'desentiende' es ahora una tendencia en #Lima

https://t.co/oCeJXw8xWx https://t.co/Elz6Euun9J",12,111,8.333333333333334,1,0,felicidades nueva missuniversepuertorico ahora vengan embarrar traje t√≠pico tecatex aqu√≠ un‚Ä¶ httpstcozzfb4mtkzn,"vengan, embarrar","felicidades, traje, tecatex"
2018-09-21 22:23:36,105,Ate,"Ahh!! Me olvid√©, t√∫ inter√©s tambi√©n debe acercarse a los ideales que √©l persigue, y si sabes de su profesi√≥n, finge‚Ä¶ https://t.co/hCgNz2hOew",8,73,8.25,0,0,flixenrique13 francocabrerafc raz√≥n parece bengoechea vuelto coger manija,"bengoechea, coger",francocabrerafc
2018-09-21 22:23:47,180,Jes√∫s Maria,"Que buen triunfo, que gran actuaci√≥n de @Leaobutron  üëèüèºüëèüèºüëèüèº",11,103,8.454545454545455,0,0,jacastrobravo alvarezrodrich jajajaja corruptos sacan trapitos inmunidad delincuencial va caer congreso,"alvarezrodrich, caer, sacan",jajajaja
2018-09-21 22:23:51,338,La Molina,"@SergioSolisRodr Que raro, juegu√© como un enfermo el IV y el V, pero no recuerdo que haya habido cinco a√±os entre ellos.",10,103,9.4,0,0,21desetiembre hoy d√≠amundialdelalzheimer fecha tomar conciencia adecuada atenci√≥n d‚Ä¶ httpstcooz4cfoagxd,tomar,"conciencia, atenci√≥n, fecha"
2018-09-21 22:23:54,623,Santiago de Surco,Triunfazo de Alianza üíô vamos que vamos! @ClubALoficial,3,20,6.0,0,0,iniciando fin semana,iniciando,fin
2018-09-21 22:24:10,1201,Barranco,"üéµ Quiero ser como el agua con la que llenas la tina
Y ser el fr√≠o que te eriza y pone piel de gallina
Quiero ser la‚Ä¶ https://t.co/40JkgxCuKS",12,73,5.166666666666667,0,0,tromepe q puede perder magaly alturas vida mientras q tilda siga rabiando,"rabiando, magaly, perder",tromepe
2018-09-21 22:24:24,261,Lima,"TRIUNFAZO de #AlianzaLima este es el equipo profe, mantengamos est√° base hasta el final.
Sigamos unidos que esto re‚Ä¶ https://t.co/UpVGJjZInj",12,97,7.166666666666667,1,0,dicen repites 3 veces tenemosquebajar deseo hace realidad pitoniso pero bueno‚Ä¶ httpstcochxhgajscl,"tenemosquebajar, dicen","veces, realidad"
2018-09-21 22:24:40,338,La Molina,"@raelarev @douglas_mc2 Urresti podr√≠a ser. 
Burbujito Beingolea viene atacando por detr√°s.",5,41,7.4,0,0,alianza recupere alguito apuestas gracias,recupere,alguito
2018-09-21 22:24:40,1201,Barranco,"üéµ Y sere la cicatriz que tienes sobre la rodilla
Yo quiero ser la que escala contigo hasta la cima
Quiero ser el su‚Ä¶ https://t.co/ydIX733P8b",6,57,8.666666666666666,0,0,carmenrozas3 exitosape q excelente noticiaya insoportable,carmenrozas3,noticiaya
2018-09-21 22:25:05,1201,Barranco,"üéµ Quiero que esto comience y que ya no te detengas
Y que me tires el pelo y que me chupes las et!
Yo quiero que hag‚Ä¶ https://t.co/pJ8ju0pkXi",5,45,8.2,0,0,karlacalle responderle loca visitar siquiatra,visitar,responderle
2018-09-21 22:25:15,2,Peru,"Tu Imagen Publicitaria mejor que nunca

Aprovecha la Oferta de Roll Screen, Diferentes Tama√±os, Excelente Calidad.‚Ä¶ https://t.co/HKJXuvsH2e",12,100,7.416666666666667,0,0,nicolaslucar phillbutters exitosape d√≠ganme durado butter deja llevar x nadie me‚Ä¶ httpstcoffzlqc9ibi,"d√≠ganme, nicolaslucar, llevar","phillbutters, httpstcoffzlqc9ibi"
2018-09-21 22:25:26,338,La Molina,@CristhianRS @NetflixLAT Intensamente pa llorar,14,105,6.571428571428571,0,0,recuerdo usa vi familia resort tenia papel higi√©nico cara donald trump simplememte he‚Ä¶ httpstcobj0iuvkrhj,"recuerdo, vi",papel
2018-09-21 22:25:36,11731,Lima,#ReformaTransporte | Ma√±ana inicia el servicio del corredor verde que conectar√° Lima y Callao desde la Estaci√≥n Gra‚Ä¶ https://t.co/MFrDGLCxf7,13,96,6.461538461538462,1,0,kimberlyloaiza pongas asi kim haz o√≠dos sordos envidia afecte ü§óüòç confiamos e‚Ä¶ httpstcoynphk16wjn,"confiamos, haz, afecte","kimberlyloaiza, o√≠dos"
2018-09-21 22:26:21,1193,San Martin de Porres,JAM√ÅS VIV√ç COSA TAN BUENA,15,109,6.333333333333333,0,0,solo m√≠nimo cumplan 8 horas bien productivas ‚Äúsalita sin‚Äù luzsalgador trabaja d√≠a dio cal‚Ä¶ httpstco89vah7hj47,"trabaja, cumplan, dio","horas, luzsalgador"
2018-09-21 22:26:45,37,Magdalena Vieja,"@noticiAmerica Y  el firm√µ el pacto electoral y ahora le pone peros , conchudazo",7,41,5.0,0,0,2 palabras abren puertas vida jale empuje,"abren, jale","palabras, puertas"
2018-09-21 22:26:53,45,Miraflores,"Si tienes üíÜ‚Äç‚ôÇÔ∏è la Paciencia de la Tierra üåè , La pureza üòá del agua üåä y la ‚öñÔ∏è Justicia del Viento üå¨‚ùÑÔ∏è, entonces eres‚Ä¶ https://t.co/6lapXwXAEC",10,123,11.4,0,0,edusaca osiasrg rosamariabartra alejandrotoledo ollantahumalat nadineheredia ppkamigo susanavillaran fu‚Ä¶ httpstcoqzyaezsrm1,"susanavillaran, rosamariabartra","ppkamigo, alejandrotoledo, edusaca, httpstcoqzyaezsrm1"
2018-09-21 22:27:03,1193,San Martin de Porres,"Y no me tengas miedo, nada m√°s brindo a nuestro nombre",11,65,5.0,0,0,d√≠a trabajo interfiera libido d√≠a renunci√≥ 5 min despu√©s jefe voy,"renunci√≥, voy","trabajo, min"
2018-09-21 22:27:03,2061,Santiago de Surco,Te quiero mi cumplea√±era hermosaüòü,2,20,9.5,0,0,alice200023 preciosa,alice200023,
2018-09-21 22:27:08,190,Lima,@Pulmon_de_Susan @SadithLopezRios Ojal√° y funcione....le quiero dar el beneficio de la duda...ojal√° y no muera ante‚Ä¶ https://t.co/XmovnmLEds,17,122,6.235294117647059,0,0,bridge of sigh in barranco credit liveinlima ‚Ä¢ visit peru ‚û° httpstcojs8gp4ip3q whatsapp 51 993502909 ‚Ä¢‚Ä¶ httpstco4xixhu5oik,"httpstcojs8gp4ip3q, peru","bridge, barranco"
2018-09-21 22:27:21,126,Miraflores,Con goles uruguayos gan√≥ el equipo en una plaza dif√≠cil. Buen triunfo de @ClubALoficial,4,36,8.25,0,0,metrodequito logotipo buscan dise√±an,buscan,logotipo
2018-09-21 22:28:12,1363,Magdalena Vieja,"Ahora falta que @willaxtv despache al amigo de los cuellos blancos del callao , amigo ( socio ) de Camayo , Izamoto‚Ä¶ https://t.co/RVDNFVGKXb",12,104,7.75,0,0,√©sto mano negra gobierno izquierda caviar asustado corrupci√≥n cuellos blancosy odebr‚Ä¶ httpstco3h74gz6dws,"blancosy, caviar","mano, corrupci√≥n, gobierno"
2018-09-21 22:28:23,3248,San isidro,@SgtPepper_s Y metiendo 3 goles ???,13,101,6.846153846153846,0,1,monvalpa parece venga est√° colocha burlarse ac√° per√∫ periodistas capaces asumir d‚Ä¶ httpstco8o5qzsvdtm,"asumir, venga",per√∫
2018-09-21 22:28:44,749,Miraflores,@esquinabaja A esa edad algunas se ponen as√≠ se agarran con los ni√±os todo les apesta sino conocer√© algunas vecinas de x mi casa parecidas..,11,95,7.7272727272727275,0,0,hoy viernes21 espero inauguraci√≥n mussalounge by madame mejor salsa viernes‚Ä¶ httpstcol8sem6hh66,"salsa, espero","viernes, madame, inauguraci√≥n"
2018-09-21 22:29:12,469,Miraflores,@pormatute De visita en provincia? Ah√≠ si me agarraste xD habr√≠a que ver el internet.,9,80,8.0,0,0,unidoscontraelfriaje junto podemos hacer m√°s üëèüèªüëèüèª ytsfseporg aeaperu bolivarperu,hacer,"unidoscontraelfriaje, aeaperu, üëè"
2018-09-21 22:29:19,1129,Peru,"„ÄêINFO || 2109-2018„ÄëDescripci√≥n de cada b√°lsamo labial de #SEVENTEEN #ÏÑ∏Î∏êÌã¥ (@pledis_17)

üíé La pre-orden inicia el d√≠a‚Ä¶ https://t.co/hLDEZ3bxPb",14,123,7.857142857142857,2,0,inspired by loving what i do üôèüèº inspiredbylove thankful yoga yogaeverydamnday yogaeverywhere yogaathome‚Ä¶ httpstcofuiw4p1bux,üèº,"loving, inspired"
2018-09-21 22:29:33,0,Peru,@alice200023 Porque no me gustaria rozar mi glande alli; que te parece? uoohh! o de repente alguna otra amiguita po‚Ä¶ https://t.co/LTcD1n4YMK,7,58,7.428571428571429,0,0,esisifo lasmenades pasa colocha piensa ‚Äúingl√©s‚Äù entenderla,"pasa, piensa","esisifo, ingl√©s"
2018-09-21 22:29:47,4,Los Olivos,"@InFancafeBTS Gracias x la informaci√≥n,ahora me siento m√°s tranquila",11,109,9.0,0,0,programa trabaja per√∫ mtpeperu propicia mujeres sostengan econ√≥micamente familias mejoren‚Ä¶ httpstco4ghjx2k6oi,"trabaja, propicia, sostengan",familias
2018-09-21 22:31:12,105,Ate,"Oye, en verdad crees que ese hombre vale tanto la pena, como para que te la pelees por √©l. Si sabes que es capaz de‚Ä¶ https://t.co/go8ToT7Cgu",5,47,8.6,0,0,habla grande felicidades argentina stephanomi35,habla,felicidades
2018-09-21 22:31:13,2061,Santiago de Surco,"Encontr√© unos venezolanos que venden Teque√±os y empanadas cerca de mi casa, ya tengo donde desayunar",13,116,8.0,0,0,diegosotomayor7 sportboys realgarcilaso sorprendan san mart√≠n v comerciantes unidos pongan ‚Äú alt‚Ä¶ httpstcolphisnclfp,"pongan, sorprendan, diegosotomayor7","comerciantes, realgarcilaso"
2018-09-21 22:31:27,15,Lima,@FrancoCabreraFC Si hubiese madurado no hubiese hecho ni una mueca. Sin embargo me parece que esta manteniendo un n‚Ä¶ https://t.co/d3JU5iTpmf,8,53,5.75,0,0,gustar√≠a javier prado cuenta twitter pa putearlo d√≠as,"twitter, gustar√≠a, cuenta",javier
2018-09-21 22:31:31,84,San Borja,Al fin! Escuche sus √∫ltimos programas y la verdad que no le encontraba ning√∫n aporte a su pesimismo exagerado. Hay‚Ä¶ https://t.co/vK8AAVlhSm,13,90,6.0,0,0,batidodeleche ja ja ja prueba estornudar despu√©s cirug√≠a hernia inguinal s√≠ descocio punto,estornudar,"cirug√≠a, batidodeleche"
2018-09-21 22:31:38,29676,Miraflores,Pronto disfrutar√°s de esta historia ganadora del National Book Award en 2017. #elesplendordelasraices üëâüëâüëâ‚Ä¶ https://t.co/TdrsqhMwaH,12,116,8.75,1,0,rmapalacios s√≠ nueva ley universitaria reestablece cr√©dito tributario reinversi√≥n sector educati‚Ä¶ httpstcomnq2igifqu,reestablece,"rmapalacios, ley, reinversi√≥n"
2018-09-21 22:31:45,1339,La Molina,"Mientras le√≠a  el tuit, juro que escuch√© de fondo la canci√≥n #TurnDownForWhat 
Grande @recisneros Sutil y acertada‚Ä¶ https://t.co/oeqq22gbLz",10,85,7.6,1,0,renafamabogados ya hora zurdos pueden hacer plantones hace cmhntm gobiernoantifamilia,hacer,"cmhntm, hora"
2018-09-21 22:32:13,7351,Barranco,Una red ale para ponerle sabor a este viernes soleado antes del cierre de edici√≥n. Lo que me gusta de #Wicks en Bar‚Ä¶ https://t.co/zrCTFDDagr,10,83,7.4,1,0,ciudad sorpresas lima atardecerüåÖ sunset 555pm barranco lima peru httpstcoxu3og3oou0,"atardecer, sunset","ciudad, barranco, sorpresas"
2018-09-21 22:32:25,1013,Santiago de Surco,No se q es peor que esa mierda de equipo de #Uni√≥nComercio nos gane la vez pasada o que las kkas jugando a nada le‚Ä¶ https://t.co/R02cjnB59j,4,34,7.75,1,0,eugenioderbez alexrosaldo lindo ‚ù§Ô∏è,lindo,eugenioderbez
2018-09-21 22:33:12,1,Peru,@wenroad Realmente pareses un principe üíìüíõüíöüíô‚ù§Ô∏èüíó,9,67,6.555555555555555,0,0,hobby asumir responsabilidad voto ¬øest√° persona serio l√≠der opini√≥n,asumir,"responsabilidad, hobby, persona, l√≠der"
2018-09-21 22:33:20,0,Peru,@alice200023 Me pones al palo; uoohh!  mandale un beso por aqui;  rapido que no se enteren.  Micky,7,44,5.428571428571429,0,0,barba nivel vello p√∫bico loco hora afeitarse,hora,nivel
2018-09-21 22:33:22,469,Miraflores,"@pormatute Sin ver el internet, me parece que tambi√©n fue contra Ayacucho en el 2015, 4-2 con golazo de Cueva.",12,105,7.833333333333333,0,0,pitucostxt mssalinger dice tarjetas similares circularon cierto evento tom√≥ lugar noc‚Ä¶ httpstcoibgy3jsdq6,"tom√≥, circularon, dice","pitucostxt, tarjetas, evento"
2018-09-21 22:33:29,1339,La Molina,"@eldebarranca Besa hombres, nada te fijas no?",8,68,7.625,0,0,claudiacisneros asume responsabilidad voto vieja echarle culpa dem√°s,asume,"responsabilidad, echarle"
2018-09-21 22:34:03,338,La Molina,"@SergioSolisRodr Puta a esperar, entonces, el nuevo en Vice Citym con Lance Vance csm. 
Pd: era ""jugu√©"", no ""juegu√©"".",6,48,7.166666666666667,0,0,llega uber bajas cerro estilo httpstcoiclfnwnirb,ricardo,"miraflores, estaci√≥n"
2018-09-21 22:34:04,1013,Santiago de Surco,@ProSilverGO @PeterDPeru @PoGoPeru @Midesdemar @AmigosPokemonGO @LEGENDSLima @DracoGollo @go_comunidad @garumox‚Ä¶ https://t.co/p4ZYJQYCUl,9,77,7.666666666666667,0,0,im at estaci√≥n ricardo palma metropolitanopt in miraflores httpstcoy86vlzzt5t,escribe,arrestedword
2018-09-21 22:34:29,5984,Jes√∫s Maria,Espacio 360¬∞ / Proyecciones Fulldome ofrece nuevas tendencias audiovisuales a trav√©s de nuevos universos perceptivo‚Ä¶ https://t.co/hU7bRojMGn,5,42,7.6,0,0,arrestedword marico escribe preguntarme √©l,quiero,khiaracabrera
2018-09-21 22:34:48,749,Miraflores,@ExpresoPeru Q tal CONciencia...,4,32,7.25,0,0,khiaracabrera nooo quiero‚ù§ vayas,"seguir, dejemos, esconden","redes, verdad"
2018-09-21 22:35:03,3248,San isidro,@jmwebbv Est√°bamos ajustando y la verdad que el 3cer gol los sepulto,8,72,8.125,0,0,dejemos seguir redes sociales medios esconden verdad goodbyeradioexitosa,publicar,puente
2018-09-21 22:35:15,130,Barranco,"@meiermq Lastima x exitosa , caer√° en sinton√≠a de radioescuchas .",8,62,6.875,0,0,acaba publicar foto puente piedra lima peru httpstcorzo5ymyd3u,viendo,macho
2018-09-21 22:35:19,873,Lima,@Leaobutron una y mil veces la figura!!! ARRIBA ALIANZA!,6,48,7.166666666666667,0,0,voy viendo bultos macho calle httpstcochpjsvgdp0,ver,"congresista, mensajes"
2018-09-21 22:36:14,133,San Borja,Y yo vuelvo a comentar que @KeikoFujimori vive en un mundo paralelo y que su avaricia y obsesi√≥n por el poder ya es‚Ä¶ https://t.co/VVWxEVuOgu,9,94,9.555555555555555,0,0,congresista salazar entrevisto suelo ver mensajes concentrada conversaci√≥n‚Ä¶ httpstcovzl4cwjsl3,caviar,"mano, cuellos, corrupci√≥n, gobierno"
2018-09-21 22:36:50,1339,La Molina,"@LaPutaNorte Si lo haces, yo pongo la de manco en mi perfil
Advertido est√°s",11,102,8.363636363636363,0,0,mano negra gobierno izquierda caviar asustado corrupci√≥n cuellos blancos odebrecht‚Ä¶ httpstcozpwd9xc8kb,"quiere, existe, tener","familia, huachaferia"
2018-09-21 22:36:51,686,Miraflores,Felicidades a la nueva #MissUniversePuertoRico  Ahora no la vengan a embarrar con un traje t√≠pico tecatex. Aqu√≠ un‚Ä¶ https://t.co/zZFB4mtkzn,12,110,8.25,1,0,existe huachaferia familia democr√°tica existe familia presidente quiere tener familia demo‚Ä¶ httpstcoyktyxur3yp,"hizo, leaobutron, sabe",requisitos
2018-09-21 22:36:54,15,Lima,@FlixEnrique13 @FrancoCabreraFC Tienes raz√≥n. Me parece o Bengoechea le ha vuelto a coger la manija ????,11,94,7.636363636363637,0,0,alguien sabe cuales requisitos canonizaci√≥n persona leaobutron hoy hizo un‚Ä¶ httpstcojskhoyhrqx,"i4, vendo, httpstcozta2f3qlpw","mtr, metro, pozo"
2018-09-21 22:37:08,382,Peru,"@jacastrobravo @alvarezrodrich jajajaja entre corruptos se sacan sus trapitos, uno con inmunidad delincuencial!!! ya va caer este congreso!",18,112,5.277777777777778,0,0,vendo 33 mil metro u 70 x mtr chilca santodomingo oyeros nivelado pozo agua i4 totalmente sa‚Ä¶ httpstcozta2f3qlpw,"haremos, disfruta, ven",condon
2018-09-21 22:37:18,35521,Lima,"#21DeSetiembre 
Hoy es el #D√≠aMundialDelAlzheimer, una fecha para tomar conciencia sobre la adecuada atenci√≥n que d‚Ä¶ https://t.co/oZ4cfoaGXD",12,100,7.416666666666667,2,0,ven s√°bado 22 set disfruta sanmigueljovenfest condon gigante haremos pruebas r√°p‚Ä¶ httpstco0p8dohxik4,"odian, gbno, hizo","oscarsignus, par"
2018-09-21 22:38:06,551,San Borja,Iniciando Fin de semana......,13,112,7.6923076923076925,0,0,oscarsignus miserables desgraciados odian fujimori fue gbno afujimori hizo legible leyes par‚Ä¶ httpstconib2xlca6k,"leaobutron, estoesalianza",plano
2018-09-21 22:39:06,749,Miraflores,@tromepe Y q puede perder Magaly? A estas alturas de su vida mientras tanto q Tilda siga rabiando,8,72,8.125,0,0,primer plano mano derecha leaobutron no estoesalianza httpstco2yatj7m6xs,"twitter, gif",this
2018-09-21 22:39:14,1339,La Molina,"Dicen que si repites 3 veces #TenemosQueBajar, tu deseo se hace realidad
Yo no soy pitoniso pero, bueno‚Ä¶ https://t.co/chxhgaJScL",13,78,5.076923076923077,1,1,want to download video or gif from twitter let try this app httpstcofn1mfqa7rt,"pasa, crecer","sobrinos, vida"
2018-09-21 22:39:30,86,San isidro,No desesperes que tarde o temprano lo que es para ti te va a llegar... #repost @elcoelo with #get_repost #bears‚Ä¶ https://t.co/nED955eL04,8,53,5.75,3,0,¬°qu√© grandes sobrinos pasa vida vi√©ndolos crecer foto,"trabaja, descans√≥",sector
2018-09-21 22:39:47,597,Ate,Mi Alianza recupere alguito en mis apuestas. Gracias.,6,47,7.0,0,0,gestionpe trabaja sector p√∫blico nunca descans√≥,alvarezrodrich,"congresista, üëè"
2018-09-21 22:39:52,10,San Martin de Porres,"@CarmenRozas3 @exitosape Q excelente noticia,ya era insoportable",5,59,11.0,0,0,jacastrobravo alvarezrodrich bien dicho congresistaüëèüèªüëèüèªüëèüèªüëèüèª,perdi√≥,"vi√©ndolo, presidente"
2018-09-21 22:40:56,826,Jes√∫s Maria,Quiero rajar de la estupidez que acaba de pasar pero esto trasciende compa√±ias y envuelve cierta incompetencia y po‚Ä¶ https://t.co/evwXr8qLIC,7,50,6.285714285714286,0,0,vi√©ndolo bien se√±or presidente aqu√≠ perdi√≥ se√±orak,hacen,"gestionpe, persona"
2018-09-21 22:40:57,130,Barranco,"@KarlaCalle Responderle a la loca es para visitar al siquiatra, no tiene sentido .",6,47,7.0,0,0,gestionpe ah√≠ persona contratadas hacen trabajo,ver,exitosape
2018-09-21 22:40:58,497,La Molina,"@EdBatiPoeta Una sana, l√∫dica y simple forma de divertirse y generar salud f√≠sica y mental, am√©n de fomentar la uni‚Ä¶ https://t.co/o5YkhkDoBp",7,61,7.857142857142857,0,0,adi√≥s exitosape n√≥s volveremos ver despu√©s httpstco50tvicsr9k,necesita,estudio
2018-09-21 22:41:11,805,Miraflores,"Tardecita. (@ Manolo in Miraflores, Lima) https://t.co/P5Zh4ROM5v",5,41,7.4,0,0,gestionpe necesita ning√∫n estudio saberlo,"quiere, aprueban","voto, reformas, decir, octubre"
2018-09-21 22:41:28,749,Miraflores,@NicolasLucar @Phill_Butters @exitosape D√≠ganme cuando ha durado tanto  Butters? El no se deja llevar x nadie no me‚Ä¶ https://t.co/ffzlqC9iBI,11,94,7.636363636363637,0,0,dmorazevallos reformas aprueban 4 octubre 2018 quiere decir voto confianza‚Ä¶ httpstco1z9wfo0vsw,"proponiendo, bbcmundo","tema, ordenanzas"
2018-09-21 22:41:47,224,Miraflores,Recuerdo que en USA vi que una familia del resort tenia papel higi√©nico con la cara de Donald Trump. Simplememte he‚Ä¶ https://t.co/Bj0Iuvkrhj,11,105,8.636363636363637,0,0,bbcmundo deltamdelta prop√≥sito tema deltamdelta proponiendo do ordenanzas creaci√≥n la‚Ä¶ httpstcokvdrzblvz6,continuamos,"batalla, septiembre, grupos, fecha"
2018-09-21 22:42:22,12,Lima,@KimberlyLoaiza_ NO TE PONGAS ASI KIM ... HAZ O√çDOS SORDOS ... QUE LA ENVIDIA NO TE AFECTE ... ü§óüòç TODOS CONFIAMOS E‚Ä¶ https://t.co/yNpHk16wJn,14,108,6.785714285714286,0,0,batalla b√≠blica 2da fecha üìñ hoy viernes 21 septiembre continuamos batallas grupos parroq‚Ä¶ httpstcoi5ndmezqs2,dicen,comentario
2018-09-21 22:42:40,826,Lince,Lo malo de Herrers es que es muy rockerillo y yo tsmbien pero me gusta entonar melodias del perreo y el las detesta.,5,27,4.6,0,0,comentario mismo q dicen tv,ganar√°,votaci√≥n
2018-09-21 22:43:21,0,Peru,@alice200023 El mio es bien mediano; creo que llega casi a 14; es algo grueso; tambien es algo que va con la estatu‚Ä¶ https://t.co/TwLJ2no4TA,5,30,5.2,0,0,menos votaci√≥n ganar√° keiko no,"obtuvo, caviar","larepublicape, congresistas"
2018-09-21 22:43:21,133,San Borja,Solo que m√≠nimo que cumplan sus 8 horas bien productivas! ‚ÄúSalita SIN‚Äù @LuzSalgado_R trabaja un d√≠a y ya le dio cal‚Ä¶ https://t.co/89Vah7Hj47,10,80,7.1,0,1,larepublicape keiko obtuvo 73 congresistas izquierda caviar solo 20 congresistas,"considero, visite, laubiquen, traigan",sic√≥logo
2018-09-21 22:44:26,338,La Molina,"@CristhianRS @NetflixLAT Ayer, hoy y siempre, Intensamente pa llorar.",10,90,8.1,0,0,considero hace necesario visite sic√≥logo siquiatra laubiquen traigan a‚Ä¶ httpstcor9hh8xzarz,"creo, existe",radio
2018-09-21 22:44:30,1,Lima,Hay 2 palabras que te abren las puertas en esta vida:            - jale y empuje,12,102,7.583333333333333,0,1,ernestoam21 phillbutters creo desaparezca radio as√≠ fuera existe internet creo est‚Ä¶ httpstcowevg7pi6jj,"larepublicape, recordando, vi, alzaban",epinzas
2018-09-21 22:44:39,66,San Martin de Porres,@edusaca @osiasrg @rosamariabartra @AlejandroToledo @Ollanta_HumalaT @NadineHeredia @ppkamigo @SusanaVillaran No fu‚Ä¶ https://t.co/qzYAEzSRM1,12,108,8.083333333333334,0,0,epinzas sergiosanabria4 larepublicape ayer vi m√©xico persona alzaban pu√±o recordando las‚Ä¶ httpstcoqllqq5vklz,haga,styloycolor
2018-09-21 22:44:59,284,San Borja,"El d√≠a en qu√© mi trabajo interfiera con mi libido ese d√≠a renunci√≥.

5 min despu√©s: ""Jefe me voy""",7,63,8.142857142857142,0,1,eduaraliaga71 styloycolor politicalr importa haga esfuerzo pues,"bebe, fannyputita","hermosura, tienes"
2018-09-21 22:45:37,0,Peru,@alice200023 Si preciosa.,13,113,7.769230769230769,0,0,fannyputita hola hermosura hermosa mochita tienes lalameria lameria parar bebe gracias mostra‚Ä¶ httpstcoxg2qvkr6kb,"necesita, recuperar","gestionpe, trabajo"
2018-09-21 22:45:43,606,Lima,Interested in a #job in #Lima? This could be a great fit: https://t.co/UkMnBGxkvX #IT #Veterans #Hiring #CareerArc,11,95,7.7272727272727275,6,0,gestionpe pais necesita trabajo congreso as√≠ recuperar tiempo perdido estos‚Ä¶ httpstcoqi2yzvh1yg,"veo, donando","vez, migraciones, alimentos"
2018-09-21 22:45:47,459,Barranco,"Bridge of Sighs in Barranco. credit @liveinlima 
‚Ä¢
Visit PERU! ‚û° https://t.co/JS8GP4iP3Q
WhatsApp: +51 993502909
‚Ä¢‚Ä¶ https://t.co/4xIXhU5OIK",13,112,7.6923076923076925,0,1,segunda vez veo veh√≠culo donando alimentos refugiados esperan afuera migraciones per√∫ gracia‚Ä¶ httpstco87ugfwgyhm,responde,"brechas, acceso, httpstcol9hhztjboz"
2018-09-21 22:46:20,149,Peru,@gerardolipe @peru21noticias Si durante 2 a√±os no trabajaron sobre reformas electorales y ahora tienen que hacerlo‚Ä¶ https://t.co/0kOzuddtkq,10,106,9.7,0,1,comunidaddigital responde brechas tecnol√≥gicas pa√≠s mediante acceso internet alfabetiz‚Ä¶ httpstcol9hhztjboz,"sudaca, perturbando",tranquilidad
2018-09-21 22:46:26,1823,Lima,El solcito hoy se pas√≥ un poco. https://t.co/01lO6Bu0Y2,10,78,6.9,0,0,aqu√≠ px sudaca perturbando tranquilidad resultados b√∫squeda elegante francia v,wynnsummoner,esteroides
2018-09-21 22:46:29,1239,La Molina,@MetrodeQuito Los logotipo no se buscan. Se dise√±an.,5,41,7.4,0,0,wynnsummoner esteroides anab√≥licos bien üòÖ,"defender, desee",styloycolor
2018-09-21 22:47:24,133,San Borja,Y quien es ese sujeto? Reci√©n ingreso al kongrezoo? Cuantos proyectos de ley ha presentado y cuantos han sido aprob‚Ä¶ https://t.co/kJBC2dxAf2,7,64,8.285714285714286,0,0,styloycolor eduaraliaga71 politicalr t√≥melo desee defender nadie,"decir, zonkabe, siga","presentaciones, luyojhairo, partidos"
2018-09-21 22:47:28,1075,Magdalena Vieja,No todos los piuranos hablamos mal tampoco y no dejamos de ser piuranos por hablar bien... Hablamos bien pero con u‚Ä¶ https://t.co/J4q1g648rJ,15,98,5.6,0,0,luyojhairo zonkabe as√≠ e presentaciones sido malas decir p√©simas ojal√° siga as√≠ 2 √∫ltimos partidos,"lotear, dan","sec, evento"
2018-09-21 22:47:40,111,Villa Maria del Triunfo,"√âsto es la mano negra del gobierno y la izquierda caviar, asustado por la corrupci√≥n de los cuellos blancos,y Odebr‚Ä¶ https://t.co/3H74gz6DwS",12,79,5.666666666666667,0,0,nicepostsupport bxllosillo golduhcs evento mrd dan 5 sec lotear alto evento mrd,paologuerrero9,"culpa, raz√≥n, federaci√≥n"
2018-09-21 22:47:40,15,Comas,"@monvalpa Te parece poco venga est√°. Colocha a BURLARSE. Que ac√° en PER√ö, NO HAY PERIODISTAS CAPACES, para ASUMIR d‚Ä¶ https://t.co/8o5qZSVDtm",11,101,8.272727272727273,0,0,paologuerrero9 toda raz√≥n capit√°n toda culpa hotel federaci√≥n peruana internacion‚Ä¶ httpstco4erxhxhbjt,ocean,"travel, miraflores"
2018-09-21 22:47:49,161,Magdalena Vieja,@PedritoChamakO Si amioooo fui a hacer trabajo social a tu cerro uwu,6,50,7.5,0,0,travel sky ocean sun miraflores httpstcomrahydwtma,haciendo,"üòä, cosas"
2018-09-21 22:48:18,1090,Los Olivos,"HOY #Viernes21, te espero en la #Inauguraci√≥n de #MussaLounge by #Madame!. Lo mejor de la #Salsa todos los #Viernes‚Ä¶ https://t.co/L8seM6HH66",4,29,6.5,6,0,cosas lindas vienen haciendoüòä,rabbitlover,"wish, could"
2018-09-21 22:48:45,149,Peru,"@CCReivaj @gerardolipe @peru21noticias Viendo estos sueldos, Phillip Butters era explotado por To√±ito, 8 a√±os a 18,‚Ä¶ https://t.co/cAS1BL9X6K",12,71,5.0,0,1,i wish i could take them home ‚ù§ rabbitlover üê∞ region httpstcozeg53kd7w8,mataram,caralho
2018-09-21 22:49:52,133,San Borja,Uhmmm ya saldr√° felipillo Mantequilla a decir que no lo despidieron! Solo se resolvi√≥ el contrato! üòÇ,5,29,5.0,0,0,caralho vei mataram geral wtf,"leaobutron, haciendo",se√±or
2018-09-21 22:49:56,130,Barranco,@BrunoPinasco @PRamonSuarez @MartinVizcarraC Aun as√≠ no te vas a casar en la catedral de Lima ni en municipalidad d‚Ä¶ https://t.co/80AtCpEwT1,7,52,6.571428571428571,0,0,underfire120 leaobutron se√±or abuso q usted haciendo,correr,jajajajaja
2018-09-21 22:51:04,1420,Ate,#UnidosContraElFriaje. Juntos podemos hacer m√°s. üëèüèªüëèüèª @YTSF_sep_org @aeaperu @BolivarPeru,7,53,6.714285714285714,1,0,mentagatuna jajajajaja vamos correr ma√±ana dromingo ü§∏,,
